Structure specifier,Name,ID,Chain,EDIAm,Min EDIA,Median EDIA,Max EDIA,% degree of neighborhood conformity,# well-resolved substructures,% atoms in well-resolved substructures,# no problem,# clash,# not enough density,# too much density,Mean B factor,# occupancy below 1
r,GLU,16,A,0.64,0.39,0.82,0.91,0.21,1,33,4,0,1,0,42.77,0
r,VAL,17,A,0.85,0.57,0.95,1.06,0.13,1,71,6,0,1,0,30.42,0
r,GLU,18,A,1.07,0.99,1.09,1.13,0.06,1,100,9,0,0,0,21.27,0
r,THR,19,A,1.08,0.99,1.1,1.13,0.04,1,100,7,0,0,0,15.8,0
r,PHE,20,A,1.07,1.02,1.06,1.13,0.03,1,100,11,0,0,0,16.05,0
r,ALA,21,A,1.06,0.97,1.1,1.1,0.04,1,100,5,0,0,0,14.67,0
r,PHE,22,A,1.07,0.99,1.07,1.12,0.04,1,100,11,0,0,0,15.24,0
r,GLN,23,A,0.92,0.62,0.97,1.13,0.09,1,89,8,0,1,0,20.4,6
r,ALA,24,A,1.04,0.88,1.08,1.11,0.07,1,100,5,0,0,0,19.54,0
r,GLU,25,A,1.04,0.85,1.06,1.11,0.06,1,100,9,0,0,0,23.36,3
r,ILE,26,A,1,0.75,1.085,1.12,0.09,1,88,7,0,1,0,18.85,0
r,ALA,27,A,1.08,1.01,1.09,1.11,0.03,1,100,5,0,0,0,17.56,0
r,GLN,28,A,0.9,0.69,1.01,1.12,0.12,1,56,8,0,1,0,25.39,4
r,LEU,29,A,1.03,0.94,1.065,1.11,0.08,1,100,8,0,0,0,19.33,0
r,MET,30,A,1.05,0.94,1.07,1.17,0.08,1,100,8,0,0,0,17.5,0
r,SER,31,A,0.9,0.56,1.065,1.11,0.12,1,83,5,0,1,0,20.57,3
r,LEU,32,A,0.94,0.71,1.025,1.06,0.09,1,88,7,0,1,0,24.72,0
r,ILE,33,A,1.03,0.9,1.04,1.14,0.08,1,100,8,0,0,0,19.01,0
r,ILE,34,A,1.04,0.93,1.05,1.11,0.06,1,100,8,0,0,0,21.3,0
r,ASN,35,A,1,0.92,1.005,1.08,0.11,1,100,8,0,0,0,29.06,0
r,THR,36,A,0.94,0.77,0.99,1.02,0.07,1,86,7,0,0,0,25.03,0
r,PHE,37,A,1.03,0.98,1.03,1.09,0.04,1,100,11,0,0,0,22.92,0
r,TYR,38,A,0.92,0.72,1.01,1.1,0.09,1,75,10,0,2,0,19.01,9
r,SER,39,A,1.1,1.07,1.105,1.13,0.02,1,100,6,0,0,0,18.97,0
r,ASN,40,A,1.08,1.01,1.095,1.13,0.04,1,100,8,0,0,0,19.2,0
r,LYS,41,A,1.06,1,1.07,1.13,0.04,1,100,9,0,0,0,16.53,0
r,GLU,42,A,1.08,1,1.09,1.12,0.04,1,100,9,0,0,0,20.9,0
r,ILE,43,A,1.04,0.9,1.11,1.13,0.06,1,100,8,0,0,0,18.19,0
r,PHE,44,A,1.06,0.97,1.06,1.14,0.04,1,100,11,0,0,0,14.53,0
r,LEU,45,A,1.06,0.91,1.105,1.12,0.06,1,100,8,0,0,0,14.91,0
r,ARG,46,A,1.04,0.93,1.06,1.13,0.06,1,100,11,0,0,0,22.19,0
r,GLU,47,A,1.09,1.01,1.12,1.14,0.04,1,100,9,0,0,0,17.19,0
r,LEU,48,A,1.05,0.94,1.075,1.12,0.04,1,100,8,0,0,0,13.41,0
r,ILE,49,A,1.08,0.98,1.12,1.13,0.04,1,100,8,0,0,0,13.85,0
r,SER,50,A,0.82,0.44,1.095,1.12,0.14,1,83,5,0,1,0,15.65,3
r,ASN,51,A,1.09,1.01,1.1,1.15,0.05,1,100,8,0,0,0,15.97,0
r,SER,52,A,1.11,1.05,1.115,1.15,0.04,1,100,6,0,0,0,13.71,0
r,SER,53,A,1.09,1.05,1.095,1.13,0.02,1,100,6,0,0,0,14.71,0
r,ASP,54,A,1.11,1.07,1.125,1.14,0.04,1,100,8,0,0,0,17.72,0
r,ALA,55,A,1.08,1.01,1.1,1.12,0.03,1,100,5,0,0,0,14.53,0
r,LEU,56,A,1.07,0.97,1.1,1.11,0.05,1,100,8,0,0,0,13.66,0
r,ASP,57,A,1.1,1.04,1.105,1.13,0.02,1,100,8,0,0,0,17.74,0
r,LYS,58,A,0.99,0.73,1.04,1.13,0.06,1,89,8,0,1,0,19.82,1
r,ILE,59,A,1.06,0.97,1.085,1.13,0.05,1,100,8,0,0,0,17.43,0
r,ARG,60,A,0.8,0.42,0.89,1.12,0.11,1,64,10,0,1,0,24.24,5
r,TYR,61,A,1.05,0.93,1.07,1.1,0.06,1,100,12,0,0,0,22.62,0
r,GLU,62,A,0.83,0.52,1.04,1.11,0.09,1,67,6,0,3,0,24.55,3
r,SER,63,A,1.03,0.95,1.045,1.09,0.05,1,100,6,0,0,0,24.07,0
r,LEU,64,A,1.01,0.89,1.04,1.08,0.07,1,100,8,0,0,0,23.52,0
r,THR,65,A,0.91,0.65,1.03,1.06,0.12,1,86,6,0,1,0,31.75,0
r,ASP,66,A,0.99,0.94,0.98,1.05,0.08,1,100,8,0,0,0,31.16,0
r,PRO,67,A,0.94,0.75,0.98,1.06,0.12,1,86,6,0,1,0,29.54,0
r,SER,68,A,1.01,0.95,1.025,1.07,0.06,1,100,6,0,0,0,26.89,0
r,LYS,69,A,0.92,0.61,1.03,1.05,0.09,1,89,8,0,1,0,28.66,0
r,LEU,70,A,1.02,0.93,1.05,1.09,0.06,1,100,8,0,0,0,23.08,0
r,ASP,71,A,1.01,0.93,1,1.1,0.09,1,100,8,0,0,0,29.79,0
r,SER,72,A,1.04,0.99,1.05,1.07,0.03,1,100,6,0,0,0,24.44,0
r,GLY,73,A,1.07,1.04,1.055,1.13,0.07,1,100,4,0,0,0,22.88,0
r,LYS,74,A,1.01,0.85,1.08,1.12,0.31,1,78,7,0,0,0,28.79,0
r,GLU,75,A,0.86,0.6,0.98,1.12,0.13,1,56,7,0,2,0,25.55,4
r,LEU,76,A,1.03,0.84,1.1,1.13,0.08,1,100,8,0,0,0,17.89,0
r,HIS,77,A,0.97,0.79,1.04,1.12,0.12,1,90,10,0,0,0,16.13,7
r,ILE,78,A,1.08,0.97,1.1,1.15,0.04,1,100,8,0,0,0,14.1,0
r,ASN,79,A,1.09,1.04,1.11,1.13,0.04,1,100,8,0,0,0,15.13,0
r,LEU,80,A,1.07,0.94,1.11,1.13,0.07,1,100,8,0,0,0,13.36,0
r,ILE,81,A,1.09,1.04,1.09,1.15,0.04,1,100,8,0,0,0,14.35,0
r,PRO,82,A,1.1,1.03,1.1,1.15,0.03,1,100,7,0,0,0,16.96,0
r,ASN,83,A,1.05,0.97,1.05,1.12,0.06,1,100,8,0,0,0,20.65,0
r,LYS,84,A,0.96,0.77,1,1.06,0.06,1,89,9,0,0,0,27.04,0
r,GLN,85,A,0.8,0.54,0.95,1.02,0.49,1,56,5,0,3,0,31.95,4
r,ASP,86,A,1.01,0.9,1.025,1.12,0.1,1,100,8,0,0,0,27.28,0
r,ARG,87,A,1,0.8,1.04,1.13,0.1,1,100,11,0,0,0,26.11,0
r,THR,88,A,1.07,0.92,1.1,1.13,0.06,1,100,7,0,0,0,16.77,0
r,LEU,89,A,1.08,0.99,1.11,1.13,0.07,1,100,8,0,0,0,14.21,0
r,THR,90,A,1.08,1.03,1.1,1.13,0.02,1,100,7,0,0,0,14.5,0
r,ILE,91,A,1.08,0.92,1.11,1.15,0.06,1,100,8,0,0,0,15.02,0
r,VAL,92,A,1.06,0.9,1.12,1.14,0.06,1,100,7,0,0,0,16.42,0
r,ASP,93,A,1.11,1.06,1.115,1.15,0.02,1,100,8,0,0,0,14.84,0
r,THR,94,A,1.09,0.98,1.11,1.12,0.03,1,100,7,0,0,0,14.55,0
r,GLY,95,A,1.09,1.05,1.1,1.12,0.04,1,100,4,0,0,0,13.93,0
r,ILE,96,A,1.03,0.8,1.08,1.15,0.07,1,100,8,0,0,0,17.03,0
r,GLY,97,A,1.09,1.02,1.095,1.14,0.08,1,100,4,0,0,0,16.25,0
r,MET,98,A,1.04,0.88,1.085,1.13,0.08,1,100,8,0,0,0,19,0
r,THR,99,A,1.07,0.92,1.09,1.13,0.06,1,100,7,0,0,0,19.58,0
r,LYS,100,A,1.04,0.94,1.07,1.1,0.04,1,100,9,0,0,0,20.81,0
r,ALA,101,A,1.05,0.95,1.08,1.13,0.06,1,100,5,0,0,0,21.37,0
r,ASP,102,A,1.04,0.94,1.07,1.13,0.06,1,100,8,0,0,0,23.68,0
r,LEU,103,A,1.05,0.99,1.07,1.11,0.06,1,100,8,0,0,0,17.6,0
r,ILE,104,A,1.05,0.89,1.08,1.14,0.07,1,100,8,0,0,0,18.33,0
r,ASN,105,A,1.02,0.9,1.055,1.13,0.07,1,100,8,0,0,0,20.67,3
r,ASN,106,A,1.1,1.05,1.1,1.16,0.05,1,100,8,0,0,0,17.37,0
r,LEU,107,A,1.02,0.83,1.115,1.14,0.11,1,100,8,0,0,0,17.37,0
r,GLY,108,A,1.09,1.05,1.095,1.12,0.06,1,100,4,0,0,0,19.52,0
r,THR,109,A,1.07,0.9,1.11,1.12,0.06,1,100,7,0,0,0,19.29,0
r,ILE,110,A,0.94,0.58,1.07,1.14,0.1,1,88,7,0,1,0,23.09,0
r,ALA,111,A,1.06,0.93,1.09,1.11,0.05,1,100,5,0,0,0,19,0
r,LYS,112,A,0.69,0.27,1.02,1.12,0.11,1,78,7,0,2,0,25.31,1
r,SER,113,A,1.09,1.04,1.105,1.11,0.03,1,100,6,0,0,0,22.91,0
r,GLY,114,A,1.07,0.98,1.1,1.11,0.09,1,100,4,0,0,0,20.61,0
r,THR,115,A,1.06,0.9,1.09,1.13,0.07,1,100,7,0,0,0,21.32,0
r,LYS,116,A,0.74,0.33,0.93,1.11,0.15,1,56,7,0,2,0,32.67,0
r,ALA,117,A,0.93,0.85,0.92,1.03,0.09,1,100,5,0,0,0,27.55,0
r,PHE,118,A,0.99,0.9,1.01,1.07,0.04,1,100,10,0,0,1,24.47,0
r,MET,119,A,0.78,0.54,0.85,0.93,0.11,1,50,6,0,1,1,34.79,0
r,GLU,120,A,0.72,0.58,0.78,0.94,0.18,1,33,7,0,1,1,48.88,0
r,ALA,121,A,0.87,0.81,0.86,0.98,0.11,1,100,4,0,0,1,34.71,0
r,LEU,122,A,0.82,0.62,0.835,1.06,0.14,1,63,6,0,0,2,32.28,0
r,GLN,123,A,0.67,0.5,0.695,0.89,0.15,1,22,2,0,1,3,40.4,0
r,ALA,124,A,0.85,0.79,0.86,0.94,0.07,1,60,4,0,0,1,41.16,0
r,GLY,125,A,0.68,0.54,0.73,0.81,0.19,0,0,3,0,1,0,39.24,0
r,ALA,126,A,0.86,0.65,0.94,1,0.12,1,80,4,0,1,0,32.18,0
r,ASP,127,A,0.91,0.71,0.95,1.07,0.12,1,88,8,0,0,0,31.96,0
r,ILE,128,A,0.98,0.84,1.035,1.06,0.06,1,100,8,0,0,0,24.65,0
r,SER,129,A,1,0.95,1.005,1.03,0.03,1,100,6,0,0,0,25.82,0
r,MET,130,A,0.91,0.67,0.96,1.1,0.12,1,88,7,0,1,0,27.48,3
r,ILE,131,A,1.04,0.94,1.06,1.11,0.04,1,100,8,0,0,0,20.37,0
r,GLY,132,A,1.06,1.03,1.06,1.11,0.07,1,100,4,0,0,0,21.22,0
r,GLN,133,A,1.02,0.92,1.04,1.09,0.07,1,100,9,0,0,0,28.17,0
r,PHE,134,A,0.95,0.78,1.02,1.11,0.06,1,91,11,0,0,0,26.73,6
r,GLY,135,A,1.07,1.03,1.065,1.13,0.08,1,100,4,0,0,0,20.78,0
r,VAL,136,A,1.06,0.91,1.12,1.13,0.06,1,100,7,0,0,0,18.65,0
r,GLY,137,A,1.08,1.01,1.11,1.12,0.07,1,100,4,0,0,0,16.22,0
r,PHE,138,A,1.08,1.01,1.08,1.13,0.03,1,100,11,0,0,0,14.5,0
r,TYR,139,A,1.07,0.99,1.08,1.14,0.05,1,100,12,0,0,0,14.81,0
r,SER,140,A,1.12,1.08,1.12,1.15,0.03,1,100,6,0,0,0,14.5,0
r,ALA,141,A,1.1,1.06,1.1,1.13,0.03,1,100,5,0,0,0,13.48,0
r,TYR,142,A,1.08,1.01,1.085,1.12,0.03,1,100,12,0,0,0,13.83,0
r,LEU,143,A,1.07,0.94,1.1,1.14,0.06,1,100,8,0,0,0,16.32,0
r,VAL,144,A,1.06,0.95,1.11,1.12,0.06,1,100,7,0,0,0,16.1,0
r,ALA,145,A,1.09,1.04,1.11,1.14,0.05,1,100,5,0,0,0,16.16,0
r,GLU,146,A,0.92,0.63,1.03,1.13,0.08,1,89,8,0,1,0,23.36,3
r,LYS,147,A,1.04,0.88,1.06,1.13,0.04,1,100,9,0,0,0,19.52,0
r,VAL,148,A,1.08,1.01,1.1,1.14,0.04,1,100,7,0,0,0,14,0
r,THR,149,A,1.08,0.94,1.11,1.12,0.03,1,100,7,0,0,0,16.02,0
r,VAL,150,A,1.07,0.94,1.1,1.13,0.05,1,100,7,0,0,0,14.5,0
r,ILE,151,A,1.06,0.85,1.105,1.13,0.05,1,100,8,0,0,0,16.63,0
r,THR,152,A,1.07,0.93,1.09,1.15,0.05,1,100,7,0,0,0,15.44,0
r,LYS,153,A,1.08,1.04,1.08,1.13,0.03,1,100,9,0,0,0,18.24,0
r,HIS,154,A,1.07,1,1.085,1.12,0.04,1,100,10,0,0,0,20.77,0
r,ASN,155,A,1.06,0.98,1.075,1.11,0.06,1,100,8,0,0,0,22.18,0
r,ASP,156,A,0.69,0.44,0.805,1.07,0.23,2,63,7,0,1,0,42.43,0
r,ASP,157,A,0.96,0.82,0.995,1.04,0.06,1,100,8,0,0,0,30.08,0
r,GLU,158,A,0.72,0.34,0.99,1.12,0.15,1,78,7,0,2,0,29.12,3
r,GLN,159,A,1.07,0.99,1.09,1.14,0.06,1,100,9,0,0,0,19.77,0
r,TYR,160,A,1.04,0.88,1.08,1.12,0.06,1,100,12,0,0,0,23.82,0
r,ALA,161,A,1.1,1.05,1.11,1.13,0.02,1,100,5,0,0,0,16.04,0
r,TRP,162,A,1.09,1.03,1.1,1.14,0.03,1,100,14,0,0,0,13.82,0
r,GLU,163,A,1.07,0.97,1.09,1.13,0.04,1,100,9,0,0,0,19,3
r,SER,164,A,1.11,1.09,1.115,1.13,0.01,1,100,6,0,0,0,13.56,0
r,SER,165,A,1.1,1.06,1.1,1.14,0.03,1,100,6,0,0,0,16.22,0
r,ALA,166,A,1.04,0.89,1.09,1.13,0.08,1,100,5,0,0,0,17.76,0
r,GLY,167,A,1.07,0.99,1.07,1.16,0.13,1,100,4,0,0,0,20.23,0
r,GLY,168,A,1.08,1.03,1.09,1.1,0.05,1,100,4,0,0,0,17.33,0
r,SER,169,A,1.09,1.04,1.095,1.13,0.02,1,100,6,0,0,0,15.87,0
r,PHE,170,A,1.08,1.05,1.08,1.11,0.02,1,100,11,0,0,0,14.7,0
r,THR,171,A,1.07,0.95,1.1,1.12,0.05,1,100,7,0,0,0,15.23,0
r,VAL,172,A,1.07,0.97,1.1,1.11,0.05,1,100,7,0,0,0,16.05,0
r,ARG,173,A,0.98,0.82,1.03,1.1,0.07,1,100,11,0,0,0,24.59,5
r,THR,174,A,0.91,0.66,1,1.04,0.1,1,86,6,0,1,0,26.69,4
r,ASP,175,A,1.02,0.94,1.025,1.07,0.07,1,100,8,0,0,0,29.37,0
r,THR,176,A,0.72,0.44,0.81,0.93,0.12,1,57,6,0,1,0,45.75,0
r,GLY,177,A,0.66,0.55,0.69,0.82,0.17,0,0,3,0,1,0,48.97,0
r,GLU,178,A,0.64,0.42,0.76,1.03,0.16,1,33,6,0,3,0,32.71,4
r,PRO,179,A,1,0.94,0.99,1.1,0.07,1,100,7,0,0,0,29.96,0
r,MET,180,A,0.88,0.68,0.915,1.07,0.13,1,63,8,0,0,0,31.5,0
r,GLY,181,A,0.97,0.9,0.975,1.06,0.06,1,100,4,0,0,0,24.17,0
r,ARG,182,A,1.08,1.03,1.07,1.15,0.04,1,100,11,0,0,0,17.69,0
r,GLY,183,A,1.1,1.05,1.115,1.13,0.05,1,100,4,0,0,0,15.28,0
r,THR,184,A,1.1,1.05,1.11,1.16,0.02,1,100,7,0,0,0,15.29,0
r,LYS,185,A,0.72,0.48,0.99,1.15,0.13,1,56,6,0,3,0,18.96,6
r,VAL,186,A,1.08,0.97,1.11,1.13,0.05,1,100,7,0,0,0,13.4,0
r,ILE,187,A,1.07,0.93,1.12,1.13,0.06,1,100,8,0,0,0,14.87,0
r,LEU,188,A,1.08,1.01,1.105,1.13,0.06,1,100,8,0,0,0,14.1,0
r,HIS,189,A,1.02,0.88,1.015,1.14,0.05,1,100,10,0,0,0,19.51,5
r,LEU,190,A,1.07,0.97,1.09,1.14,0.07,1,100,8,0,0,0,17.51,0
r,LYS,191,A,0.9,0.57,1.06,1.12,0.09,1,78,7,0,2,0,23.45,0
r,GLU,192,A,0.82,0.46,1.025,1.1,0.14,1,56,5,0,1,0,27.36,0
r,ASP,193,A,0.98,0.72,1.02,1.12,0.09,1,88,8,0,0,0,28.54,0
r,GLN,194,A,1.08,1.01,1.09,1.13,0.06,1,100,9,0,0,0,20.22,0
r,THR,195,A,1.03,0.86,1.07,1.08,0.05,1,100,7,0,0,0,23.61,0
r,GLU,196,A,1.07,1.02,1.08,1.13,0.05,1,100,9,0,0,0,21.86,0
r,TYR,197,A,1.08,1.01,1.095,1.13,0.05,1,100,12,0,0,0,17.61,0
r,LEU,198,A,1.03,0.87,1.095,1.13,0.08,1,100,8,0,0,0,20.09,0
r,GLU,199,A,0.8,0.46,1.03,1.11,0.12,1,78,7,0,2,0,24.49,3
r,GLU,200,A,0.97,0.81,1.05,1.12,0.1,1,100,9,0,0,0,25.45,3
r,ARG,201,A,0.81,0.54,0.83,1.12,0.11,1,55,10,0,0,1,26.8,8
r,ARG,202,A,1.05,0.99,1.05,1.12,0.05,1,100,11,0,0,0,17.73,0
r,ILE,203,A,1.06,0.95,1.09,1.14,0.06,1,100,8,0,0,0,15.87,0
r,LYS,204,A,0.74,0.33,1.02,1.12,0.11,1,78,7,0,2,0,22.75,0
r,GLU,205,A,1.09,1.01,1.11,1.13,0.03,1,100,9,0,0,0,18.13,0
r,ILE,206,A,1.07,0.91,1.1,1.13,0.05,1,100,8,0,0,0,16.17,0
r,VAL,207,A,1.06,0.94,1.12,1.13,0.07,1,100,7,0,0,0,17.33,0
r,LYS,208,A,0.82,0.39,1.09,1.12,0.1,1,89,8,0,1,0,25.16,3
r,LYS,209,A,0.91,0.52,1.045,1.12,0.1,1,78,7,0,1,0,24.6,0
r,HIS,210,A,1.04,0.95,1.055,1.1,0.06,1,100,10,0,0,0,24.13,0
r,SER,211,A,1.09,1.05,1.09,1.13,0.03,1,100,6,0,0,0,19.31,0
r,GLN,212,A,0.81,0.55,0.95,1.08,0.1,1,67,6,0,3,0,25.73,3
r,PHE,213,A,0.95,0.82,0.97,1.09,0.08,1,100,11,0,0,0,29.72,0
r,ILE,214,A,1.04,0.94,1.06,1.1,0.05,1,100,8,0,0,0,18.65,0
r,GLY,215,A,1.09,1.04,1.1,1.13,0.06,1,100,4,0,0,0,18.73,0
r,TYR,216,A,1.07,0.97,1.075,1.13,0.06,1,100,12,0,0,0,17.48,0
r,PRO,217,A,1.07,1.01,1.1,1.14,0.03,1,100,7,0,0,0,17.71,0
r,ILE,218,A,1.07,0.99,1.11,1.12,0.04,1,100,8,0,0,0,15.43,0
r,THR,219,A,1.11,1.01,1.13,1.15,0.03,1,100,7,0,0,0,14.98,0
r,LEU,220,A,1.06,0.95,1.085,1.13,0.05,1,100,8,0,0,0,16.21,0
r,PHE,221,A,1.08,1.01,1.09,1.12,0.03,1,100,11,0,0,0,15.27,0
r,VAL,222,A,0.9,0.61,1.06,1.1,0.14,1,71,5,0,2,0,22.83,0
r,GLU,223,A,1,0.82,1.02,1.09,0.08,1,100,9,0,0,0,29.86,0
r,LYS,224,A,0.61,0.44,0.66,0.91,0.09,0,0,4,0,2,1,46.07,0
m,CL,302,A,1.15,1.15,1.15,1.15,0,1,100,1,0,0,0,24.33,0
