,wat_ID,wat_ID_renumbered,chain,RSCC,B_norm,SASA,EDIA,HB,ColdBrew_probability
0,401,1,A,0.88,0.13,0.0,0.62,1.0,0.6107681321551758
1,402,2,A,0.78,3.56,17.2,0.39,1.0,0.32219827607611967
2,403,3,A,0.94,1.59,3.1,0.86,2.0,0.6923751303666071
3,404,4,A,0.9,2.34,31.8,0.75,1.0,0.44143445663787867
4,405,5,A,0.88,3.25,5.6,0.74,0.0,0.33792210707391684
5,406,6,A,0.92,1.77,42.6,0.9,1.0,0.5400397999759303
6,407,7,A,0.84,2.07,48.6,0.72,1.0,0.3731475078662266
7,408,8,A,0.88,0.87,3.1,0.67,2.0,0.542327899939162
8,408,9,A,0.84,1.08,38.5,0.41,1.0,0.28828025203778407
9,409,10,A,0.65,4.61,30.2,0.41,1.0,0.2020894883052367
10,410,11,A,0.63,3.91,14.4,0.4,1.0,0.2994602450663751
11,411,12,A,0.87,3.59,0.0,0.47,1.0,0.3637789933270386
12,412,13,A,0.78,3.88,27.6,0.49,1.0,0.2659890002139082
13,413,14,A,0.75,4.66,26.1,0.46,1.0,0.23641179538527957
14,414,15,A,0.82,4.96,13.7,0.31,1.0,0.2927055061138785
15,415,16,A,0.96,0.41,17.2,0.96,1.0,0.7509038685891631
16,416,17,A,0.89,0.89,35.9,0.85,0.0,0.35040994854329677
17,417,18,A,0.85,2.48,12.3,0.72,1.0,0.4854598388910867
18,418,19,A,0.95,1.13,0.3,0.97,2.0,0.8420305710703593
19,419,20,A,0.91,1.69,21.8,0.85,1.0,0.5916100181488967
20,420,21,A,0.96,0.97,9.7,0.99,1.0,0.7828377997075705
21,421,22,A,0.76,3.49,20.6,0.62,0.0,0.27360902890462524
22,422,23,A,0.55,3.69,50.9,0.45,0.0,0.13860726215662778
23,423,24,A,0.88,0.97,5.8,0.87,2.0,0.6987586010139601
24,424,25,A,0.91,2.08,13.6,0.67,1.0,0.4562795971988078
25,425,26,A,0.98,0.33,0.0,1.0,2.0,0.9168400193910144
26,426,27,A,0.98,-0.26,0.0,1.06,2.0,0.957210729758416
27,427,28,A,0.88,0.17,22.0,0.55,1.0,0.510334014786555
28,428,29,A,0.84,2.94,27.9,0.44,1.0,0.2812665867219292
29,429,30,A,0.97,0.6,1.9,0.99,2.0,0.8636568623313748
30,430,31,A,0.93,1.76,19.1,0.85,1.0,0.5993931926430957
31,431,32,A,0.88,2.67,13.3,0.43,1.0,0.36381664402166736
32,432,33,A,0.96,0.4,2.7,1.0,1.0,0.8434638040709064
33,433,34,A,0.97,1.46,25.8,0.96,0.0,0.43229569519742966
34,434,35,A,0.92,1.37,3.7,0.84,1.0,0.6429488386862711
35,435,36,A,0.69,4.31,14.5,0.38,0.0,0.22250189116017627
36,436,37,A,0.9,1.56,24.8,0.77,1.0,0.4848876502963301
37,437,38,A,0.91,2.43,18.6,0.64,1.0,0.4357437147895157
38,438,39,A,0.94,0.98,14.9,0.94,0.0,0.56774663520124
39,439,40,A,0.93,1.84,3.1,0.76,2.0,0.5883014033786652
40,440,41,A,0.84,2.48,24.1,0.67,1.0,0.40260486296000086
41,441,42,A,0.96,1.96,14.7,0.89,1.0,0.6124405664202116
42,442,43,A,0.98,-0.35,0.0,1.05,3.0,0.9657577890075757
43,443,44,A,0.94,1.29,2.1,0.75,0.0,0.40697351002790916
44,444,45,A,0.97,-0.28,0.0,1.04,1.0,0.9377152308393876
45,445,46,A,0.97,0.24,0.0,1.03,3.0,0.9185871350320188
46,446,47,A,0.76,3.21,33.3,0.48,1.0,0.2437623768913381
47,447,48,A,0.94,0.86,9.2,0.97,2.0,0.7932780411333417
48,448,49,A,0.98,1.44,8.8,0.87,2.0,0.6990760970481328
49,449,50,A,0.99,-0.17,0.0,1.03,1.0,0.9274362117748305
50,450,51,A,0.89,1.58,1.3,0.66,1.0,0.48172335988341763
51,451,52,A,0.98,-0.34,10.9,1.01,2.0,0.8713964277809508
52,452,53,A,0.95,0.13,0.0,1.01,2.0,0.9169920918366736
53,453,54,A,0.99,-0.67,0.0,1.08,2.0,0.9735203138460841
54,454,55,A,0.79,3.09,0.4,0.65,1.0,0.4661837520891526
55,455,56,A,0.98,0.27,0.0,1.01,1.0,0.8816021715020635
56,456,57,A,0.83,2.51,15.9,0.79,1.0,0.49423104240597676
57,457,58,A,0.88,1.67,12.6,0.81,0.0,0.38299338468186306
58,458,59,A,0.95,0.99,1.3,0.93,1.0,0.7577753936906215
59,459,60,A,0.97,0.41,0.0,1.0,0.0,0.741759011894828
60,460,61,A,0.9,2.28,15.2,0.78,2.0,0.5365553251540783
61,461,62,A,0.99,-0.67,0.0,1.1,2.0,0.9735203138460841
62,462,63,A,0.93,2.03,0.1,0.82,2.0,0.6251873934503778
63,463,64,A,0.95,0.3,27.7,1.01,1.0,0.7088927545265582
64,464,65,A,0.98,-0.05,3.8,1.06,2.0,0.9177262754124524
65,465,66,A,0.97,0.47,32.5,0.9,1.0,0.6843945853316502
66,466,67,A,0.83,3.65,22.7,0.66,0.0,0.26774257560514503
67,467,68,A,0.98,-0.3,3.3,1.07,3.0,0.9401869961609358
68,468,69,A,0.88,1.6,38.4,0.8,1.0,0.4407005426207894
69,469,70,A,0.92,0.31,1.2,0.89,0.0,0.6321414024716295
70,470,71,A,0.98,0.61,1.9,1.02,2.0,0.8857062565511068
71,471,72,A,0.94,0.7,1.0,0.89,0.0,0.6169506046641432
72,472,73,A,0.72,3.57,28.4,0.46,1.0,0.25975888719879064
73,473,74,A,0.9,3.54,10.7,0.75,2.0,0.48037404001095135
74,474,75,A,0.97,0.38,14.0,1.06,1.0,0.7563669517098426
75,475,76,A,0.93,0.95,2.5,0.84,0.0,0.5243874263623965
76,476,77,A,0.9,1.3,8.8,0.85,0.0,0.5101093747547637
77,477,78,A,0.77,4.17,44.9,0.49,0.0,0.14690534841646558
78,478,79,A,0.91,1.39,25.7,0.93,1.0,0.604587667697377
79,479,80,A,0.96,0.16,0.8,0.97,1.0,0.8542916405821239
80,480,81,A,0.87,0.92,9.2,0.61,1.0,0.4834512130756592
81,481,82,A,0.87,2.59,8.0,0.65,1.0,0.45110159062740834
82,482,83,A,0.81,2.76,8.0,0.71,0.0,0.3241127879739965
83,483,84,A,0.85,1.75,16.7,0.66,2.0,0.473889903046752
84,484,85,A,0.99,-0.31,0.0,1.07,1.0,0.9506947036157232
85,485,86,A,0.98,-0.65,0.0,1.06,3.0,0.9699683874963
86,486,87,A,0.76,3.97,8.5,0.45,1.0,0.3228663566631502
87,487,88,A,0.97,0.23,0.6,1.04,2.0,0.9102241534478489
88,488,89,A,0.95,1.71,8.7,0.88,1.0,0.6228775495016199
89,489,90,A,0.82,2.42,15.7,0.72,1.0,0.4756557920614648
90,490,91,A,0.76,3.63,27.0,0.57,1.0,0.27740961410002757
91,491,92,A,0.96,-0.08,0.2,0.99,1.0,0.8785283548231623
92,492,93,A,0.94,0.98,0.0,0.91,3.0,0.8136990711984997
93,493,94,A,0.91,1.15,18.4,0.78,0.0,0.3616051406862958
94,494,95,A,0.97,0.4,2.1,1.02,1.0,0.8519358646756484
95,495,96,A,0.9,2.21,21.9,0.72,1.0,0.4659489531399885
96,496,97,A,0.96,0.21,13.2,1.02,1.0,0.7684390137055667
97,497,98,A,0.82,2.26,32.9,0.7,1.0,0.39493626541035104
98,498,99,A,0.97,0.29,28.2,0.97,1.0,0.7045417000829296
99,499,100,A,0.87,3.77,2.2,0.54,1.0,0.36374972711452164
100,500,101,A,0.98,0.24,0.0,0.88,2.0,0.8928548023485545
101,501,102,A,0.96,-0.15,0.0,1.05,1.0,0.8948965058447933
102,502,103,A,0.85,3.33,34.1,0.74,1.0,0.35411457153910414
103,503,104,A,0.89,1.68,7.2,0.75,0.0,0.3632597866612706
104,504,105,A,0.96,1.26,16.9,0.9,0.0,0.5454057118472166
105,505,106,A,0.97,0.37,3.0,1.0,0.0,0.7322533909329807
106,506,107,A,0.97,1.25,1.5,0.93,0.0,0.66256763493718
107,507,108,A,0.74,3.77,35.3,0.56,1.0,0.24222409812361562
108,508,109,A,0.98,0.02,0.1,0.99,0.0,0.8313573824780773
109,509,110,A,0.86,3.25,32.7,0.71,1.0,0.3561990497377878
110,510,111,A,0.86,1.29,7.9,0.75,2.0,0.5552771350470781
111,511,112,A,0.98,-0.36,0.0,1.05,3.0,0.967954924631551
112,512,113,A,0.99,-0.71,0.0,1.06,3.0,0.9737474786184925
113,513,114,A,0.95,1.43,15.4,0.81,1.0,0.5741581846455773
114,514,115,A,0.9,2.88,12.4,0.33,1.0,0.3581767225733162
115,515,116,A,0.95,0.71,4.3,0.96,0.0,0.6440290385487829
116,516,117,A,0.82,3.53,20.1,0.53,0.0,0.24674057675639424
117,517,118,A,0.87,1.42,0.8,0.8,0.0,0.43003513409143096
118,518,119,A,0.86,1.43,37.0,0.76,1.0,0.428419279330752
119,519,120,A,0.95,0.82,28.3,1.0,1.0,0.6611152265909803
120,520,121,A,0.86,2.39,15.8,0.64,2.0,0.4653489564688411
121,521,122,A,0.93,2.41,0.0,0.8,0.0,0.41765607078263645
122,522,123,A,0.84,2.48,16.7,0.71,0.0,0.30841509782576526
123,523,124,A,0.92,2.06,42.5,0.87,0.0,0.32124418021438733
124,524,125,A,0.95,0.64,0.0,1.04,3.0,0.8636736046334441
125,525,126,A,0.93,0.73,16.9,0.96,0.0,0.5670519780125156
126,526,127,A,0.98,1.43,13.2,0.96,2.0,0.7892452059200421
127,527,128,A,0.76,3.5,20.2,0.69,1.0,0.3710160404538524
128,528,129,A,0.89,2.61,12.9,0.67,1.0,0.44608139892867527
129,529,130,A,0.97,0.94,7.9,0.96,1.0,0.8045876379344848
130,530,131,A,0.99,-0.46,0.0,1.09,2.0,0.9728792289823361
131,531,132,A,0.94,1.34,0.0,0.76,0.0,0.4453724333035654
132,532,133,A,0.97,0.64,15.3,1.04,2.0,0.7895972919994976
133,533,134,A,0.89,2.36,20.0,0.68,0.0,0.30952096302808185
134,534,135,A,0.92,1.34,0.5,0.89,2.0,0.7624673306002775
135,535,136,A,0.99,-0.46,0.0,1.06,0.0,0.8862064572261639
136,536,137,A,0.97,0.19,0.0,0.95,2.0,0.9127710088134657
137,537,138,A,0.99,-0.54,0.0,1.06,2.0,0.9725553134545991
138,538,139,A,0.77,2.1,14.2,0.68,2.0,0.49118706901382814
139,539,140,A,0.96,0.46,0.0,1.0,0.0,0.7303970982428669
140,540,141,A,0.96,1.35,13.4,0.94,0.0,0.5716746040111094
141,541,142,A,0.85,1.49,17.0,0.8,0.0,0.34288613348393787
142,542,143,A,0.83,2.76,21.6,0.77,1.0,0.47074408803956713
143,543,144,A,0.95,1.13,20.6,0.95,1.0,0.7256061043523132
144,544,145,A,0.96,0.71,6.1,1.01,1.0,0.7950668149049507
145,545,146,A,0.99,-0.39,4.1,1.01,3.0,0.9472180447769492
146,546,147,A,0.82,4.24,34.4,0.58,1.0,0.2330409248262977
147,547,148,A,0.97,0.43,2.8,1.02,1.0,0.8275564900705017
148,548,149,A,0.97,-0.22,32.5,1.06,0.0,0.6784639774950153
149,549,150,A,0.91,1.33,1.0,0.9,0.0,0.6129456478866737
150,550,151,A,0.97,0.37,0.0,0.94,2.0,0.9020947599399207
151,551,152,A,0.97,0.15,0.0,0.97,2.0,0.9192965046591556
152,552,153,A,0.89,1.08,26.2,0.84,0.0,0.3435261539799409
153,553,154,A,0.82,2.09,8.5,0.74,1.0,0.5243991259220654
154,554,155,A,0.9,2.04,32.8,0.78,1.0,0.4593614655996527
155,555,156,A,0.96,1.12,5.3,0.92,0.0,0.6145339029356507
156,556,157,A,0.94,2.25,0.0,0.72,0.0,0.40275130660026454
157,557,158,A,0.97,0.06,0.0,0.99,2.0,0.9209023241775889
158,558,159,A,0.97,0.17,29.5,1.01,0.0,0.6737560760663173
159,559,160,A,0.89,1.53,12.4,0.48,1.0,0.3922048739204349
160,560,161,A,0.74,3.34,41.1,0.53,1.0,0.23688318483380588
161,561,162,A,0.99,-1.07,0.0,1.1,2.0,0.9746315437424283
162,562,163,A,0.99,-0.47,0.0,1.04,2.0,0.9722577903732116
163,563,164,A,0.98,-0.16,0.0,1.04,1.0,0.8999737036880612
164,564,165,A,0.86,1.4,8.2,0.72,1.0,0.5082247188988098
165,565,166,A,0.78,2.26,1.5,0.69,1.0,0.49319984267697864
166,566,167,A,0.91,1.91,17.2,0.76,1.0,0.5038132793222765
167,567,168,A,0.93,0.59,30.2,0.82,2.0,0.5855426489653592
168,568,169,A,0.87,0.8,4.1,0.57,2.0,0.5014410897667028
169,569,170,A,0.92,1.73,5.6,0.93,1.0,0.6745588009178164
170,570,171,A,0.97,0.02,0.0,0.97,1.0,0.8682832794108706
171,571,172,A,0.98,0.7,12.3,1.02,1.0,0.7850170868730746
172,572,173,A,0.85,2.45,20.5,0.76,1.0,0.4705652763811063
173,573,174,A,0.92,1.03,24.9,0.85,1.0,0.5963715563651991
174,574,175,A,0.98,-0.16,3.1,1.02,1.0,0.8876818473894958
175,575,176,A,0.89,1.84,34.1,0.85,1.0,0.5293143628149659
176,576,177,A,0.8,2.16,25.4,0.78,2.0,0.49335262805776847
177,577,178,A,0.99,-0.11,2.6,1.05,1.0,0.9012432010086232
178,578,179,A,0.89,1.87,3.4,0.92,1.0,0.6700490982153501
179,579,180,A,0.88,1.71,26.2,0.85,1.0,0.5649539663909513
180,580,181,A,0.96,0.71,0.1,0.98,1.0,0.8129782847948676
181,581,182,A,0.89,1.09,12.6,0.85,0.0,0.4713267691953459
182,582,183,A,0.75,3.9,24.8,0.65,1.0,0.3181863153158659
183,583,184,A,0.93,0.64,0.0,0.93,1.0,0.7656165081008142
184,584,185,A,0.89,2.01,2.1,0.79,1.0,0.557055692733568
185,585,186,A,0.98,-0.66,0.0,1.03,1.0,0.9524458387618969
186,586,187,A,0.97,1.01,14.5,0.94,0.0,0.5918669122524007
187,587,188,A,0.98,0.23,6.5,1.04,1.0,0.8671113466363249
188,588,189,A,0.86,2.55,23.6,0.84,1.0,0.5558832808697605
189,589,190,A,0.96,0.82,5.0,0.91,1.0,0.7400497992505355
190,590,191,A,0.74,3.1,24.0,0.61,1.0,0.34307736457669646
191,591,192,A,0.8,3.59,13.4,0.68,1.0,0.3986344266195212
192,592,193,A,0.89,2.3,18.3,0.84,1.0,0.5722256335468185
193,593,194,A,0.98,0.41,17.8,1.04,1.0,0.7634137570272683
194,594,195,A,0.89,1.84,2.2,0.76,0.0,0.3875281717155365
195,595,196,A,0.85,0.44,4.8,0.51,1.0,0.5201666084988045
196,596,197,A,0.92,1.21,20.8,0.87,0.0,0.43498003696655624
197,597,198,A,0.8,3.23,4.1,0.6,1.0,0.39724289271220864
198,598,199,A,0.82,2.97,16.8,0.57,1.0,0.3854816152747466
199,599,200,A,0.96,0.44,10.7,1.07,1.0,0.7648819957819035
200,600,201,A,0.9,3.05,34.0,0.6,0.0,0.19162357715720094
201,601,202,A,0.93,1.52,40.8,0.9,0.0,0.35867019420308877
202,602,203,A,0.84,1.46,35.6,0.83,1.0,0.49758945095876483
203,603,204,A,0.96,0.76,0.0,0.96,0.0,0.6651595857812624
204,604,205,A,0.92,2.72,33.7,0.65,1.0,0.36960788335841516
205,605,206,A,0.77,3.23,35.9,0.69,1.0,0.3321410337888821
206,606,207,A,0.97,1.21,17.7,1.0,1.0,0.7545994792358615
207,607,208,A,0.91,1.3,23.9,0.92,1.0,0.6276498549668543
208,608,209,A,0.95,1.02,44.1,0.98,0.0,0.3847526448031069
209,609,210,A,0.74,3.32,42.6,0.53,1.0,0.2283093684124403
210,610,211,A,0.79,3.6,29.1,0.58,0.0,0.1879083230843781
211,611,212,A,0.76,3.66,39.4,0.52,1.0,0.2365534260769597
212,612,213,A,0.64,4.24,36.9,0.35,1.0,0.18899822186834925
213,613,214,A,0.86,1.3,1.8,0.8,0.0,0.43213541220200713
214,614,215,A,0.94,0.44,19.1,1.04,1.0,0.7349494751888348
215,615,216,A,0.85,2.14,4.3,0.68,1.0,0.48494891967346965
216,616,217,A,0.78,2.96,43.8,0.55,1.0,0.2514922496272691
217,617,218,A,0.78,4.0,27.1,0.46,1.0,0.24942376581111209
218,618,219,A,0.97,-0.15,0.0,1.06,1.0,0.8966842561153231
219,619,220,A,0.78,2.78,11.3,0.66,0.0,0.3096530036564907
220,620,221,A,0.84,1.77,12.0,0.78,1.0,0.5226052970596605
221,621,222,A,0.92,2.63,25.2,0.54,0.0,0.2350357170083081
222,622,223,A,0.85,2.28,11.3,0.77,1.0,0.5138773616428871
223,623,224,A,0.98,-0.36,0.1,1.09,2.0,0.9565066552084854
224,624,225,A,0.7,2.42,23.3,0.42,0.0,0.23272305314018335
225,625,226,A,0.89,2.72,4.2,0.56,0.0,0.30863407828075085
226,626,227,A,0.87,2.61,0.8,0.57,1.0,0.4143261437785655
227,627,228,A,0.92,0.95,3.2,0.93,1.0,0.730018940867747
228,628,229,A,0.88,3.52,16.3,0.66,1.0,0.3871263269770752
229,629,230,A,0.9,2.11,21.9,0.78,1.0,0.4956538575339687
230,630,231,A,0.91,1.05,18.9,0.91,2.0,0.6759383098125447
231,631,232,A,0.85,2.67,16.0,0.76,0.0,0.3058939385293317
232,632,233,A,0.72,4.05,38.5,0.47,0.0,0.1529694302323464
233,633,234,A,0.73,4.11,51.4,0.48,1.0,0.18309149921396187
234,634,235,A,0.96,1.77,19.3,0.98,0.0,0.46931452456966716
235,635,236,A,0.83,3.03,24.2,0.64,0.0,0.2657049367894151
236,636,237,A,0.73,3.52,30.1,0.51,0.0,0.17641391714791563
237,637,238,A,0.66,4.19,45.5,0.4,0.0,0.14490340865854398
238,638,239,A,0.8,3.66,31.5,-1.0,1.0,-1.0
239,639,240,A,0.86,2.58,18.7,0.85,1.0,0.5555501856390502
240,640,241,A,0.69,4.2,44.9,0.39,0.0,0.14372396246758729
241,641,242,A,0.93,2.14,11.3,0.71,1.0,0.5216920806808277
242,642,243,A,0.88,1.5,0.0,0.87,0.0,0.5175335226136113
243,643,244,A,0.93,1.69,44.2,0.97,1.0,0.5712156563268849
244,644,245,A,0.85,2.96,14.4,0.66,0.0,0.2950758067734598
245,645,246,A,0.82,3.69,0.9,0.47,1.0,0.36228803865681264
246,646,247,A,0.93,0.6,31.6,0.93,1.0,0.6278013058628091
247,647,248,A,0.9,1.91,22.6,0.84,0.0,0.3523862214099966
248,648,249,A,0.83,1.48,25.6,0.81,0.0,0.2755968427636392
249,649,250,A,0.88,2.12,7.9,0.74,0.0,0.3542065200364548
250,650,251,A,0.83,2.56,27.9,0.79,1.0,0.45070873012913654
251,651,252,A,0.82,2.51,27.7,0.73,0.0,0.24800450167125354
252,652,253,A,0.91,0.84,32.1,0.93,0.0,0.38514500427467807
253,653,254,A,0.89,0.68,22.8,0.59,0.0,0.29845891177573886
254,653,255,A,0.85,0.37,51.1,0.69,0.0,0.28834856115644386
255,654,256,A,0.9,2.1,0.5,0.87,1.0,0.6355659497011629
256,655,257,A,0.73,4.02,50.3,0.41,0.0,0.14017433958635334
257,656,258,A,0.94,1.21,0.0,0.92,0.0,0.6485946157054573
258,657,259,A,0.82,4.11,36.6,0.5,0.0,0.15604338707316545
259,658,260,A,0.76,4.16,60.1,0.39,1.0,0.17530476544224696
260,659,261,A,0.94,2.15,1.1,0.77,1.0,0.5639408030803625
261,660,262,A,0.81,3.52,37.5,0.5,0.0,0.16147341658227873
262,661,263,A,0.74,3.1,33.4,0.63,0.0,0.20601456994110412
263,662,264,A,0.8,3.23,53.7,0.61,0.0,0.1494140622460967
264,663,265,A,0.87,2.06,10.3,0.86,0.0,0.4071403716728841
265,664,266,A,0.88,4.11,29.5,0.64,0.0,0.17771788545714956
266,665,267,A,0.95,1.01,3.3,0.89,0.0,0.6019861836120245
267,666,268,A,0.78,3.17,47.3,0.61,0.0,0.16741611975299275
268,667,269,A,0.81,3.31,25.7,0.51,0.0,0.22914564115418076
269,668,270,A,0.82,2.66,34.4,0.75,0.0,0.23051495306291894
270,669,271,A,0.92,1.22,2.6,0.84,0.0,0.5237590241977833
271,670,272,A,0.94,2.03,0.0,0.69,0.0,0.3872435249014724
272,671,273,A,0.79,3.11,0.3,0.44,0.0,0.3149825969523291
273,672,274,A,0.76,5.15,51.3,0.3,0.0,0.1016705671709687
274,673,275,A,0.93,1.14,2.8,0.91,0.0,0.6216141724437704
275,674,276,A,0.81,3.42,32.4,0.58,0.0,0.18455081384113647
276,675,277,A,0.85,2.57,27.4,0.7,0.0,0.24381395513022444
277,676,278,A,0.82,2.58,83.8,0.6,0.0,0.12373483525189939
278,677,279,A,0.85,3.68,25.9,0.64,0.0,0.22143630936151035
279,678,280,A,0.86,2.73,29.8,0.69,0.0,0.23696797129874883
280,679,281,A,0.9,3.48,9.3,0.58,0.0,0.2936630604050234
281,680,282,A,0.81,3.04,25.4,0.63,0.0,0.25994558413639884
282,681,283,A,0.75,3.17,48.5,0.54,0.0,0.15139608710719754
283,682,284,A,0.9,3.09,32.6,0.77,0.0,0.23232121901313943
284,683,285,A,0.84,3.3,13.4,0.73,0.0,0.3046210863577248
285,684,286,A,0.68,3.88,40.4,0.44,0.0,0.1550808632255973
286,685,287,A,0.8,2.41,21.3,0.74,0.0,0.2909828508050896
287,686,288,A,0.91,1.6,3.9,0.84,0.0,0.4971301468468931
288,687,289,A,0.83,4.15,24.8,0.54,0.0,0.21299740880263754
289,688,290,A,0.91,2.38,16.6,0.85,0.0,0.324809212425129
290,689,291,A,0.92,2.6,25.6,0.84,0.0,0.2921069590256396
291,690,292,A,0.85,3.06,17.3,0.73,0.0,0.29769954077881144
292,691,293,A,0.78,2.15,8.0,0.7,0.0,0.3389569050478336
293,692,294,A,0.93,1.95,19.6,0.89,0.0,0.4129687096647039
294,693,295,A,0.9,1.62,7.7,0.74,0.0,0.3700221110401331
295,694,296,A,0.87,1.82,16.9,0.82,0.0,0.3583384752547063
296,695,297,A,0.93,1.18,10.6,0.99,0.0,0.5948695497074221
297,696,298,A,0.95,0.79,0.9,0.92,0.0,0.645596143839266
298,697,299,A,0.9,2.49,0.2,0.86,0.0,0.34152071323257743
299,698,300,A,0.88,2.74,10.1,0.76,0.0,0.3328289358000257
300,699,301,A,0.93,1.15,49.2,0.9,0.0,0.3788538822453613
301,700,302,A,0.83,5.0,61.4,0.53,0.0,0.09055145896481219
302,701,303,A,0.75,4.36,61.7,0.45,0.0,0.11232158409472365
303,702,304,A,0.85,2.35,15.1,0.66,0.0,0.3028195521794596
304,703,305,A,0.91,2.76,32.3,0.77,0.0,0.24608534434213516
305,704,306,A,0.89,1.54,29.5,0.51,0.0,0.19695696585049913
306,704,307,A,0.88,1.45,32.9,0.61,0.0,0.21481813674744038
307,705,308,A,0.85,3.37,40.8,0.6,0.0,0.1821768133887212
308,706,309,A,0.88,3.6,25.2,0.56,0.0,0.2299498263532572
309,707,310,A,0.86,2.64,51.6,0.5,0.0,0.14975250617112412
310,708,311,A,0.93,1.56,1.1,0.93,0.0,0.5991637743052274
311,709,312,A,0.74,4.26,30.1,0.51,0.0,0.17583520806940126
312,710,313,A,0.83,3.09,50.9,0.59,0.0,0.15808152732593375
313,711,314,A,0.72,4.17,40.3,0.29,0.0,0.14689799905815248
314,712,315,A,0.91,1.82,21.8,0.86,0.0,0.36837782382720446
315,713,316,A,0.84,3.61,19.3,0.72,0.0,0.28207093798329486
316,714,317,A,0.83,3.57,56.5,0.52,0.0,0.13812762794853495
317,715,318,A,0.74,3.67,39.2,0.63,0.0,0.1774265309338009
318,716,319,A,0.76,4.32,33.6,0.48,0.0,0.16662848396383642
319,717,320,A,0.87,1.82,54.1,0.75,0.0,0.19566966110776451
320,718,321,A,0.9,1.3,24.6,0.86,0.0,0.3777062292891433
321,719,322,A,0.88,3.28,32.7,0.7,0.0,0.20644436042919373
322,720,323,A,0.93,3.52,33.9,0.74,0.0,0.2190977856415092
323,721,324,A,0.91,1.79,44.1,0.79,0.0,0.25314680987238825
324,722,325,A,0.7,1.59,18.1,0.44,1.0,0.3576732591298939
325,723,326,A,0.78,4.38,41.6,0.51,0.0,0.15249113906517178
326,724,327,A,0.95,2.44,13.8,0.71,0.0,0.3267534478585098
327,725,328,A,0.92,2.28,49.3,0.83,0.0,0.25129608406454035
328,726,329,A,0.88,1.22,0.0,0.85,0.0,0.5210233332691669
329,727,330,A,0.84,2.43,19.4,0.64,0.0,0.29765544378257214
330,728,331,A,0.85,1.22,0.0,0.85,0.0,0.5186036958843822
331,729,332,A,0.91,2.06,14.7,0.83,0.0,0.3792900875068812
332,730,333,A,0.91,1.69,0.0,0.88,0.0,0.5187516875907483
333,731,334,A,0.89,1.38,35.7,0.83,0.0,0.28668426641100475
334,732,335,A,0.9,3.77,8.7,0.62,0.0,0.29273551661550556
335,733,336,A,0.91,1.69,40.1,0.86,0.0,0.3360232275795348
336,734,337,A,0.91,1.34,2.1,0.87,0.0,0.5337844085680407
337,735,338,A,0.95,0.78,56.3,0.93,0.0,0.34966154336106653
338,736,339,A,0.72,4.33,52.3,0.39,0.0,0.1344049143604683
339,737,340,A,0.88,2.74,26.6,0.72,0.0,0.2538625936610858
340,738,341,A,0.7,2.57,51.9,0.46,0.0,0.1363433560509083
341,739,342,A,0.78,3.82,12.4,0.51,0.0,0.26207040184229935
342,740,343,A,0.84,3.39,38.6,0.66,0.0,0.18581910066182586
343,741,344,A,0.96,1.42,12.3,0.9,0.0,0.568517584406717
344,742,345,A,0.98,0.59,0.0,1.04,0.0,0.7742817965843605
345,743,346,A,0.84,3.72,28.6,0.65,0.0,0.19697360181882562
346,744,347,A,0.91,2.78,36.5,0.85,0.0,0.26720709387936287
347,745,348,A,0.77,3.21,12.7,0.56,0.0,0.2771337280737076
348,746,349,A,0.8,2.9,34.1,0.68,0.0,0.22235656520777444
349,747,350,A,0.81,3.78,76.0,-1.0,0.0,-1.0
350,748,351,A,0.92,1.29,16.0,0.75,0.0,0.34755624305577754
351,749,352,A,0.77,3.51,26.9,0.69,0.0,0.21909947033049815
352,750,353,A,0.95,1.77,32.9,0.86,0.0,0.3440534482253583
353,751,354,A,0.86,2.21,31.4,0.68,0.0,0.24344927493929014
354,752,355,A,0.84,2.78,51.2,0.72,0.0,0.18389092035536878
355,753,356,A,0.92,2.01,16.7,0.87,0.0,0.40554606047577546
356,754,357,A,0.82,3.9,41.7,0.58,0.0,0.16040973988485033
357,755,358,A,0.87,2.67,35.6,0.72,0.0,0.22608432411335674
